metric,mean,sd
d_nubbin,4.3450573069064955,2.1780773169762555
d_perimeter,1.2717268355916147,0.7268660318596455
ratio,4.976347900488255,5.9542326063969755
