"n","mean","sd","se"
2822,1.3849926169495,0.494380526878887,0.00930642434799473
