parameter,rho,p_value
L,0.8277997364953884,2.3260430069513583e-12
k,0.6266139657444004,4.12885315299792e-6
t0,0.7524374176548088,2.521361689643096e-9
