dataset,parameter,method,statistic_type,statistic,df1,df2,p_value
polyps,L,Kruskal-Wallis + Dunn,chi_squared,24.4614492753623,8,NA,0.0019169542627388851
polyps,k,ANOVA + Tukey,F,5.530689308371596,8,36,1.376312124552681e-4
polyps,x0,ANOVA + Tukey,F,2.9913113895176933,8,36,0.011203075978006785
area,L,ANOVA + Tukey,F,4.1837978168110075,8,36,0.0012843340200437607
area,k,ANOVA + Tukey,F,2.028647176524772,8,36,0.07066555175321083
area,x0,ANOVA + Tukey,F,6.986795375331186,8,36,1.5669281595667196e-5
