term,Sum Sq,Mean Sq,NumDF,DenDF,F value,Pr(>F)
genotype,4.074327559165756,0.5092909448957195,8,52.7340023600349,1.844686978225094,0.08920421631187131
nn_rank_num,1089.013578388455,1089.013578388455,1,99594.46592935536,3944.4823971390824,0
genotype:nn_rank_num,8.082257020371475,1.0102821275464344,8,99594.46592765886,3.6593116443490787,2.8416837281906626e-4
