term,Sum Sq,Mean Sq,NumDF,DenDF,F value,Pr(>F)
genotype,1.6396730613791226,0.20495913267239033,8,52.08422519834796,0.5121862033512751,0.8417868765048959
nn_rank_num,4377.303873562692,4377.303873562692,1,24857.949981494698,10938.739946263055,0
genotype:nn_rank_num,28.247015691628796,3.5308769614535995,8,24857.949980094585,8.823546634919094,3.9131788293928976e-12
