genotype,emmean,SE,df,asymp.LCL,asymp.UCL
1,1.9355942230816283,0.06512772775393745,Inf,1.8079462222889813,2.0632422238742754
10,1.78307302641636,0.06513058781611322,Inf,1.6554194200048546,1.9107266328278651
2,1.9319323641825652,0.0659898231640889,Inf,1.802594687434784,2.0612700409303466
3,1.861958590479279,0.0653757790451657,Inf,1.733824418089506,1.9900927628690521
4,1.960166945644493,0.06550458636741119,Inf,1.8317803155421737,2.088553575746812
6,2.1289408521787525,0.0664185558266843,Inf,1.9987628748532884,2.259118829504217
7,1.9019158240469487,0.0656359222063815,Inf,1.7732717804303681,2.0305598676635292
8,1.9814312443117852,0.06550681147346635,Inf,1.853040253081736,2.1098222355418343
9,1.9797350681452168,0.06620391907361592,Inf,1.8499777711255254,2.1094923651649085
