genotype,emmean,SE,df,asymp.LCL,asymp.UCL
1,1.5032710001068845,0.03407893216670339,Inf,1.4364775204285622,1.5700644797852068
10,1.4718818429743457,0.03407965625983544,Inf,1.4050869440995633,1.538676741849128
2,1.558565090863742,0.03436537259382729,Inf,1.4912101982645407,1.6259199834629434
3,1.4957985457773189,0.034160542705110666,Inf,1.4288451123829595,1.5627519791716782
4,1.5417169261302557,0.034203362874278484,Inf,1.4746795667465156,1.6087542855139958
6,1.6426372575980632,0.03451609915429631,Inf,1.574986946368829,1.7102875688272974
7,1.529279600817065,0.03424659179320579,Inf,1.4621575143091368,1.5964016873249933
8,1.5533067966139362,0.03420394720368155,Inf,1.486268291965611,1.6203453012622615
9,1.5758832435717613,0.034435283512721,Inf,1.5083913280894024,1.6433751590541203
