term,Sum Sq,Mean Sq,NumDF,DenDF,F value,Pr(>F),model
genotype,1680.3177648486558,210.03972060608197,8,33.90072728224373,7.552111732013591,9.59201343053415e-6,ratio_lmm
day_sc,16719.4733179087,16719.4733179087,1,3303.9190754230117,601.159296122251,4.122382359434967e-122,ratio_lmm
genotype,57.14203652741735,7.142754565927169,8,34.02393197416742,4.205605471783234,0.0013868315825222375,nubbin_distance_lmm
day_sc,4618.11790638842,4618.11790638842,1,3280.6533113873606,2719.116519710095,0,nubbin_distance_lmm
genotype:day_sc,339.39325923667144,42.42415740458393,8,3278.678235397047,24.979056310798995,1.0871409114312562e-37,nubbin_distance_lmm
genotype,13.068513817715601,1.6335642272144502,8,36.6762187637094,3.559534973990714,0.003800944008967884,perimeter_distance_lmm
day_sc,59.53352783189917,59.53352783189917,1,3311.9526850876987,129.72350331400557,1.6558807395415636e-29,perimeter_distance_lmm
