n,mean_ratio,sd_ratio,se_ratio
2822,1.384992616949498,0.4943805268788873,0.009306424347994726
